SearchText,ProductURL,Price,SearchB
"Маска для лица Little Devil "" Moisture "" с гиалуроновой кислотой 23мл",https://goldapple.ru/19000097946-s-gialuronovoj-kislotoj-effekt-siania#,63,false
Маска для лица Consly Pore Tightening Lychee с экстрактом личи 20мл,https://goldapple.ru/19760310833-lychee-pore-tightening-mask-pack#,60,false
Маска для лица Tenzero Solution Calming Cica Sheet mask с экстрактом центеллы 25мл,https://goldapple.ru/19000158922-solution-calming-cica-sheet-mask#,46,true
"Тканевая маска для лица Planeta Organica ""HYALURON THERAPY"", 30 г",https://goldapple.ru/19000166943-hyaluron-therapy#,97,false
Увлажняющий бальзам для волос Planeta Organica Pure для чувствительной кожи 400мл,https://goldapple.ru/19000141629-pure-uvlaznausij#,231,false
Мягкий бальзам для волос Planeta Organica Pure для ежедневного применения 400мл,https://goldapple.ru/19000141628-pure-magkij#,231,true
"Маска для лица Chamos Acaci кислородная , очищающая 25мл",https://goldapple.ru/19000048633-acaci#,247,true
Основа под тени для век Relouis PRO Color Designer Eyeshadow Base 3г,https://goldapple.ru/19000068219-color-designer-eyeshadow-base#,230,true
Маска для лица Tenzero Day 1 Mask Pack #Carrot Day с экстрактом моркови 25мл,https://goldapple.ru/19000158918-day-1-mask-pack-makgeolli-day#,48,true
"Питательная маска для лица Mond'Sub "" Avocado "" с авокадо 20мл",https://goldapple.ru/19000068143-avocado-nourishing-tendering-facial-mask#,55,true
"Маска для лица Little Devil "" Anti-age "" с муцином улитки 23мл",https://goldapple.ru/19000097945-s-mucinom-ulitki-protiv-morsin#,63,true
"Женский дезодорант - антиперспирант Repute "" Tact "" 50мл",https://goldapple.ru/19000188568-tact#,202,true
"Женский дезодорант - антиперспирант Repute "" Pure "" 50мл",https://goldapple.ru/19000188569-pure#,139,true
"Тканевая маска для лица Planeta Organica ""УСПОКАИВАЮЩАЯ"", 30 г",https://goldapple.ru/19000141647-pure-uspokaivausaa#,103,true
Выравнивающая маска для лица Consly Radiance Papaya с экстрактом папайи 20мл,https://goldapple.ru/19760310836-papaya-radiance-mask-pack#,60,true
Увлажняющий шампунь для волос Planeta Organica Pure для чувствительной кожи 400мл,https://goldapple.ru/19000141660-pure-uvlaznausij#,194,true
"Крем для лица Planeta Organica Pure "" питание и Молодость "" 50мл",https://goldapple.ru/97231200010-pure#,288,true
"Шампунь для волос Alerana "" Плотность и Объем "" 250мл",https://goldapple.ru/19000026581-shampoo-density-and-volume#,418,true
"Тушь для ресниц Luxvisage 3D effect "" объём - длина - Ультра черная "" 10г",https://goldapple.ru/19000025884-3d-effect-ob-em-dlina#,246,true
"Крем Novosvit гиалуроновый - филлер для кожи вокруг глаз "" AquaFiller "" 20мл",https://goldapple.ru/19000002823-aquafiller#,135,true
Подводка для век Luxvisage Matt Tattoo Waterproof 24H Черная,https://goldapple.ru/19000025922-matt-tattoo-waterproof-24h-smudgeproof#,249,true
Оттеночный бальзам для волос BlondEvolution Spicy Lavender 3 в 1 125мл,https://goldapple.ru/19000146907-spicy-lavender#,199,true
Оттеночный бальзам для волос BlondEvolution Rose Bloom 3 в 1 125мл,https://goldapple.ru/19000146906-rose-bloom#,189,true
"Очищающая пенка для лица Holika Holika Daily Garden "" Camellia "" с камелией 120мл",https://goldapple.ru/97571000019-daily-garden-kamelia#,436,true
Green Mama Формула тайги очищающая пена - гель для лица ромашка и брусника 300мл,https://goldapple.ru/19000215080-romaska-i-brusnika#,347,true
"Крем - гель для душа Milk "" Молоко и Апельсин "" 800мл",https://goldapple.ru/19000084316-moloko-i-apel-sin#,261,true
Оттеночный бальзам Тоника для волос 4.62 Neon Pink 150мл,https://goldapple.ru/1671000001-color-evolution#,141,true
Оттеночный бальзам Тоника для волос 9.10 Дымчатый топаз 150мл,https://goldapple.ru/1670100008-dymchatyj-topaz#,128,true
Оттеночный бальзам Тоника для волос 4.0 Шоколад 150мл,https://goldapple.ru/1670100025-korica#,128,true
Оттеночный бальзам Тоника для волос 3.22 Ultraviolet 150мл,https://goldapple.ru/19000089423-color-evolution-arkie-ottenki#,128,true
"Основа под макияж матирующая Luxvisage Prime Expert "" Matt & Sebum control "" Персиковый 35г",https://goldapple.ru/19000025965-prime-expert-matt-sebum-control#,242,true
"Основа под макияж маскирующая покраснения Luxvisage Prime Expert "" Anti Red "" 35г",https://goldapple.ru/19000025964-prime-expert-anti-red#,238,true
Экспресс пилинг для ног Skinlite 20г,https://goldapple.ru/19760329640-express-heel-peeling#,262,true
Мицеллярная вода для лица Green Mama для бережного и эффективного очищения 500мл,https://goldapple.ru/6060100095-dlja-berezhnogo-i-jeffektivnogo-ochischenija#,169,true
Укрепляющий кондиционер для волос Concept Biotin Secrets 500мл,https://goldapple.ru/19000111292-biotin-secrets#,454,true
"Укрепляющий лак для ногтей Frenchi Умная эмаль 357 , 11мл",https://goldapple.ru/19000085158-treatment-nail-polish#,171,true
"Укрепляющий лак для ногтей Frenchi Умная эмаль 387 , 11мл",https://goldapple.ru/19000085158-treatment-nail-polish#,171,true
Лак для ногтей Jeanmishel Crystal 708 Сиренево-серебристый блестящий 12мл,https://goldapple.ru/19000046800-crystal#,138,true
"Укрепляющий лак для ногтей Frenchi Умная эмаль 300 , 11мл",https://goldapple.ru/19000085158-treatment-nail-polish#,171,true
"Укрепляющий лак для ногтей Frenchi Умная эмаль 365 , 11мл",https://goldapple.ru/19000085158-treatment-nail-polish#,171,true
"Укрепляющий лак для ногтей Frenchi Умная эмаль 379 , 11мл",https://goldapple.ru/19000085158-treatment-nail-polish#,171,true
Лак для ногтей Jeanmishel Crystal 707 Фиолетово-серебристый блестящий 12мл,https://goldapple.ru/19000046802-crystal#,116,true
"Укрепляющий лак для ногтей Frenchi Умная эмаль 356 , 11мл",https://goldapple.ru/19000085158-treatment-nail-polish#,171,true
Лак для ногтей Jeanmishel Crystal 727 Голубой блестящий 12мл,https://goldapple.ru/19000046808-crystal#,125,true
"Активирующий крем Green Mama дневной - гидролифтинг для лица "" фиалка и алтей "" 100мл",https://goldapple.ru/19000255742-fialka-i-altej#,309,true
"Увлажняющий крем для кожи вокруг глаз Nextbeau Hyaluronic Solution "" Ultra Moist Eye Cream "" с гиалуроновой кислотой 30мл",https://goldapple.ru/19000035120-hyaluronic-solution-ultra-moist-eye-cream#,403,true
Крем - сыворотка для рук Consly с экстрактом авокадо 100мл,https://goldapple.ru/19760345933-avocado-hand-essence-cream#,210,true
Бальзам для губ Beauty Bomb Hempt 18мл,https://goldapple.ru/19000202587-lip-balm-hempt#,224,true
Тени для век Farres Glitter Черный 3г,https://goldapple.ru/19000066385-eye-shadows-glitter#,180,true
"Отшелушивающий пилинг Holika Holika для лица "" Smoothie Peeling Gel Berry Apple Festival "" 120мл",https://goldapple.ru/97571500003-smoothie-peeling-gel-berry-apple-festival#,949,true
Укрепляющая маска для волос Concept Biotin Secrets 400мл,https://goldapple.ru/19000111293-biotin-secrets#,419,true
Двухцветный корректор - стик для скульптурирования лица Ninelle Artificio 401 6г,https://goldapple.ru/19760325233-artificio#,545,true
